"V1","V2","V3","V4"
1.76346532775548,2.52590856976159,3.28558340332509,2.33604264577722
1.43944679801095,-0.652466721411299,0.938261686521477,5.88916513323421
1.35058082406589,2.659598525845,-0.531863274578714,8.97739161614563
0.229042380136885,2.54485864285881,-1.3527548301272,10.8918045378004
-0.947215565574544,0.829282868912816,-0.439335062061163,12.2767618631115
-0.160523488712962,-3.07990008380742,-1.13379515256987,13.2086141467254
-1.22446664627301,-1.85713406942708,1.80898681571856,13.6075566044449
-0.960476767843263,-0.58944089358112,2.48216529402294,14.1278607465218
-0.352182434417395,-0.0115343454950739,-0.673102178771867,13.7543437454259
1.5579297483812,4.8093067777159,-0.256325728455372,13.6373658118734
1.65253036402781,1.52718692228092,-0.513269908481109,12.2983284235372
1.71524603874609,-1.59801849797874,-0.860559449293182,10.4937070523952
1.48175324216827,-2.2953140184727,-1.39635051884072,8.92510131116827
0.771983740353987,-0.578923147376447,-0.219765296082214,7.50875905352585
0.729382901562209,-0.598430235794632,-0.817290784728771,6.93084442689918
-2.30881507708285,-0.823021665590134,-0.61635587505971,6.47035617634601
-1.75170270793587,0.504446896312265,-0.534051143279177,6.57186780333274
-0.901472268835043,-1.78384225456914,-1.92578007179262,7.88322714903436
0.228194334332743,0.871366598711437,0.750467331694048,8.77041787009598
-1.47584549147403,-2.47507684385992,-0.386170440695107,8.34153255536877
-2.66229603393795,-0.448535770556619,0.678391949505624,7.68986286928882
-2.62052305989655,0.754791291963402,0.82375451343634,6.7040276437906
-2.08166454449593,0.266672721629683,0.390420103348087,5.08877925880272
-1.32769416077612,1.60837901948982,2.06300975163087,2.89703294356425
-3.0280610247933,-0.114213548767618,0.036965313504308,-0.0881221270793426
-4.74322342663727,1.00721594446745,-1.70199071749518,-2.53399562314028
-2.79876792013232,2.17153872429137,-0.0827239894680519,-3.75759488475805
-1.07206275737694,-1.38190767939366,-0.425073435702163,-3.73050643797019
-1.72282504087508,-2.56919870774438,-1.64001828231006,-3.83108809040112
-2.76920654626916,0.093452344376704,-0.787771289645239,-2.65853105976782
-3.54799608430947,-0.471413112879002,-1.05253683926726,-1.50372565793376
-2.97723662325852,-1.08577651002051,-0.0861862850673571,1.45775143856216
-2.06407282168116,-0.866620634913564,1.55988945913506,5.35106268584874
-1.55793731059806,-1.29894329359247,1.3137094664811,9.05217440272082
-1.20853365293481,1.4535014947709,0.642558355217133,11.9349198058199
-1.60080795509136,2.3038235081744,1.50259976803176,13.4901567955486
-2.71286569447627,1.9843207308916,1.49171187653887,13.6821139489579
-2.52877452788282,-0.859026218983763,0.986106067512299,11.978095232846
-1.15376014830206,2.47660820170676,2.88975068970484,10.98497957629
-2.210078977555,-0.558692563708539,-0.551310115102843,10.8769648726987
-1.65974710035419,3.51580617962141,-0.0758875294704742,10.7292524331541
-2.2582425875588,1.12149218177611,-1.3491261258467,10.8772639991852
-1.7025605295875,-0.905567945106316,-2.14938713961971,10.7136349765286
-2.00363068695253,-1.66408659223566,-2.76537071324718,12.9420548910082
-3.26667795310075,-2.33314109416941,-0.69796991058826,14.8436823373079
-2.06617960732799,-2.13118116077659,1.32411973023493,16.7187831460753
-1.5773904618578,-3.12756410214201,-0.887645823746583,18.8443901174261
-2.04500767404361,2.31307399430036,0.727440880822948,21.6384145828057
-1.90002272959346,1.66409425714478,0.46410589903968,24.4035338844378
-0.573618236006301,-0.454657382849511,1.92764489769594,24.9677155470901
-1.50213120222934,0.53227472334421,1.4193892827475,23.8326878239818
-0.788994201451041,-0.753405437167256,-1.44311359630333,22.6294281195349
-1.72507567736698,4.88272925778918,2.07426240756218,21.3160843648924
-0.332621973958985,-1.59067823451074,0.272594464513125,19.0202669232464
0.21211116605793,-0.109754947423157,0.233528636038205,16.4037645171656
-0.205695843841268,0.500282645708305,-2.31054880884197,12.8671844808725
0.947661323290498,1.23648658713249,-2.57543959815299,9.36783061512803
1.64174365418905,-0.345247005291715,-0.328219009055227,4.40981612669863
0.900880362293631,-4.44780054801987,-1.02806967650142,-0.480701808809033
0.666669749991025,-2.52722876994117,-1.90576139406482,-5.16899669888525
-1.50874121551518,0.717457791942704,-0.615025329378762,-9.76079671889178
-1.25679337417885,-0.0220909569313271,-0.727230968997724,-14.3079000355445
0.245790601651949,-1.88129832523722,-1.04500083563788,-18.5836175720322
1.48111267483163,-0.231650644313909,-1.14937159378064,-23.4512585495939
1.61740371548513,-1.62993741773983,-1.39306838511766,-28.5450356504615
3.20953119013395,0.484526961719372,0.995769662860252,-33.0412977482737
2.48537848178535,-2.850196789465,-0.806738800152896,-36.3304118826484
3.45348607927697,0.73188224609844,0.277863193357505,-39.213089171329
2.41796643757654,0.496825297745193,0.433494708360246,-42.0796996160494
2.11752163010576,0.130576363343241,-0.401268927146391,-45.828400970501
0.484109227471217,0.0383127833205477,-0.676435025854071,-51.1851112562852
2.18551963282362,0.514676754311067,0.878739569510333,-57.6945973915086
0.224009405561328,-1.2980201554178,1.20180436019675,-63.2516928550432
0.222321970429923,-0.238337524836076,0.808301488841891,-67.9065064853878
0.262067100253506,1.32827139978822,0.241964755927565,-72.5743514463707
0.563658711042934,2.20193820438817,-0.264347170096852,-77.6283160976356
1.55549392984946,0.28754296151614,-2.04305017822481,-83.1707466677597
1.24873976712011,-0.235507196331903,-1.84717236306245,-87.827780724634
-0.154706166957298,-1.82413673389668,0.265480877694559,-92.6058315774783
1.28396662591411,-2.87517248165996,0.928516207397915,-96.1211147255868
-0.350225975816787,-1.59417905014393,-0.410581166950185,-98.735820164767
-2.82515917518003,2.50816621289994,0.123006952574035,-99.8203170959114
-1.175876808697,1.54428437160906,-0.17442567070993,-101.425855196099
-1.76100640433462,-0.439031253506879,0.593103899319589,-103.056786381558
-3.2943119271493,-0.849620566754574,0.308240281159548,-105.580420716378
-2.17298433273082,-0.837960198843918,0.542712952258486,-107.688702949681
-1.74590547258042,1.99397372181821,2.4045358527942,-109.63037850441
-2.5360224970977,-0.551556058176054,1.37240343113687,-111.81152879329
-2.34260300838587,2.5120376346122,0.916066024321511,-112.576045799299
-1.09747876778891,1.29334878099069,-0.49742911656546,-112.836087581679
-2.10408209255828,2.59862460512686,0.209996078887571,-111.943599264201
-2.25077320240513,-1.74652422348887,-0.721396032211687,-110.007548507889
-3.62549261959932,0.0167419199920666,0.778758871225797,-108.587221234728
-2.5655265259475,-1.76174344650509,-0.922261773889735,-107.833817938183
-2.96897633782808,1.19251803322132,1.62368708257794,-107.177405947937
-3.53268108481084,0.239435282579073,1.53404743591493,-107.699492318372
-3.53773747337411,-0.564347754644903,0.691040206760895,-107.890182095664
-2.27911754769611,2.91197680213269,2.55248229004306,-109.344406423866
-2.30297604822569,0.458039181389384,-0.190284346306931,-109.422447382609
-1.5329328983811,1.99308785708825,-0.696202292058758,-109.775801050264
-1.3833189319129,1.56371836920052,0.256445130211762,-108.460843274467
-2.11058267448886,-1.55355324352919,-1.51366718905033,-107.226740250335
-0.520405344805693,-1.23197981541584,-0.768098836140609,-106.914761984879
0.0289649785397555,0.0931606056099933,-0.560691038787499,-106.751793388203
-0.189806357067065,-2.26077155520138,-0.305766042665497,-106.626029895812
-0.753971145651834,1.15343756379297,1.45951428045446,-108.20082623488
-0.396815218717639,-2.56149886357665,0.0561258680693136,-109.066059099024
-1.98462717262578,3.25089460692989,2.16807031039664,-110.977815850376
-2.32711365337975,-1.00139319200541,-1.98844980425663,-112.748645125728
-2.44574632645804,3.35659441563259,0.504865422151242,-114.03543108556
-1.43639090043607,-0.825039774964796,-0.0465249233211295,-115.089506163896
-1.01087240822246,-1.94457367101112,-2.34387981137123,-116.196899457154
-1.59123153902783,0.0507657351756109,-0.278122374925704,-117.10417736888
-0.380799077866434,0.0549506734903855,0.0786708660515353,-119.039638691716
-1.08096914030987,-3.36036544479187,-1.94694015197181,-121.975848054111
-0.769235126527272,2.10750172605723,1.72483496012268,-126.265479125176
-2.46786584202311,-2.23919820914436,-0.316953492792026,-129.29363416874
-1.8930832894496,0.67123441993763,0.1276230347461,-130.635398377008
0.6714330965084,0.989591534226316,0.421397136959596,-131.339524544701
1.07761517189044,0.276105417423473,-0.790150000124169,-133.074025787468
0.178158792188044,-0.237584051557656,-1.78085865688291,-134.977820354143
-0.332498133591392,0.39536852469159,-1.40421818431831,-135.436915260811
-1.58041834856015,-2.13738542250957,0.101637320242809,-136.096163044469
-2.97612473719332,-1.60642643472948,2.42239588311007,-135.942415884505
-1.89315202578791,-2.22753027263906,0.365246535329054,-136.597056595712
-2.30820519126361,3.16018336740767,-0.216284406256052,-136.690879245399
-0.143157424750598,2.99563752207683,0.00589954754514488,-137.654088313307
1.43110410403159,0.525290917325525,1.93912551675533,-140.005591186263
2.62767893663948,-2.46580239914253,-0.128646591122269,-143.622962050881
1.66440463729926,-0.00744706758436102,0.112416879770747,-148.425084609585
1.62503918354843,3.02334456562179,0.817640843765868,-154.43783195368
1.30005848815903,-0.951396568859068,-0.582401437731438,-160.011416770172
-0.864135382788572,1.59583287506216,0.349001073429841,-165.489080303397
-1.93582630294778,-1.94800512222505,-2.8160546733674,-171.26582838456
-1.80484381369245,1.37874539553095,-1.26852881896571,-178.183963180973
-1.33591842227623,-1.9116782065536,-2.05804233935793,-186.357281000943
0.11592597755152,-2.46341411682819,-2.27732354606723,-195.597276425696
-0.672838635859932,-1.91378376265124,-0.483135982925058,-206.230104916542
-1.72796535904295,-1.73956574737299,0.234820702403423,-217.644296858204
-1.42169217863986,-1.82136136498658,-1.05467326676359,-228.809662958418
-1.31877018630004,1.48255261052042,-0.84031254363735,-241.150336679828
-2.16431939650198,0.137023066554289,-1.77242316023826,-252.254778316056
-2.41728167756225,-0.647501509175923,-1.58985826102761,-264.470199109253
-1.88184729021697,-2.17300609398739,-2.29131855243628,-276.964252369676
-0.735346391173588,-2.03185789370978,-1.90154251135724,-287.180733724485
0.430048796892809,-1.53558036946172,-0.200312131915691,-296.069503822201
0.19653038644518,-2.23944012225397,-1.4972707787899,-304.857497873759
1.05670777636163,-0.896348473206791,0.117795210262541,-314.42050862942
0.75825854139975,0.94347274890646,0.431098604735623,-323.537787315866
1.33468433662234,-2.36098136576855,-2.26605627349848,-332.605819721599
1.41292590540803,2.94051399416597,3.58396398602402,-342.026502507763
3.59817573594449,-2.62284118324976,1.88771297321368,-351.195388758582
4.2776531281742,-0.193049845525964,-0.0811934077653658,-360.81593917712
2.66584871204101,4.73943981590269,0.413168356321436,-367.860736108779
2.06601841994975,1.78125295287484,0.563850161795418,-372.726685046396
1.68311764181208,-0.504366322781894,0.450163990908628,-376.277566418259
1.63387882281251,-1.73152750968852,-1.10743006807874,-378.745097045523
0.811605232071713,1.16517199977289,0.428317994721011,-381.464817416081
1.49402799001742,-0.0250586939914329,-0.168296637236866,-383.291058922634
1.84921410403647,-0.749709524227789,1.94163803863095,-385.285659242876
3.29463670271,0.635771470184946,4.12748576782038,-388.285938729861
2.19785036931015,-0.977611269673244,1.24991102304216,-389.603696425526
2.41172176190391,5.31731605399693,2.86191270533452,-391.554052992341
1.90422560849971,3.3605564093791,1.04798842044584,-393.865851345383
0.660735832189357,1.55916801815171,0.85453352654192,-396.87833739299
2.15611752589543,1.42648104022564,0.967872766111353,-400.995184256006
1.98970555628475,-1.08576387422386,-1.84410335653668,-404.765385137026
1.36306388369253,1.77155674780186,1.76650267847977,-410.040337537588
1.83885340595561,-0.697189369021507,0.535169591181281,-415.818656571608
0.539391992685913,-2.01610915633908,-2.11964803016305,-422.331379872889
-0.468615281704163,3.76636508476519,0.653714561826166,-430.41317183485
-0.935248343288572,-1.85794215840235,-2.03047647309754,-438.914975436262
0.54724200114605,-0.588392907213826,-0.24163294694807,-448.001579746558
-0.331708025257634,-1.22990054159271,-1.28548479373855,-457.828153807448
-0.762259644969595,-1.89415158348204,-2.2078289922001,-466.851154534077
0.575101072092424,1.19795029962063,-0.015241034652504,-475.216539802312
1.89869979683451,-3.04722976475511,-2.87489498531703,-483.515816882764
2.02519210751754,-0.412378004234571,-1.21202343043704,-491.61406897156
2.596502494433,-1.14859082860281,-0.611187018293776,-500.400520852872
1.32505022688606,-2.78033207327016,-1.89596174578798,-509.516131518894
2.19730738069939,-0.14083476501431,0.544219599703153,-517.620960862553
1.39443918960147,-0.861759059208168,1.13413168846526,-525.558661252432
0.314715888373363,-1.18445074592318,-0.275309631959025,-533.264371776013
2.01949694209559,1.96223231981323,0.664425032903824,-538.884882689707
2.42635548303355,1.06481871334101,-0.221341522965544,-544.779960291362
0.752109272186128,-0.180912248481989,-0.88580794385207,-549.68333333347
-0.161456827701877,0.31298098339218,1.19810931273121,-552.591697975012
0.299346458044692,-1.47462338167994,0.389143077493538,-556.124321430368
1.07466159119978,-0.40268241174436,-0.212984134489522,-559.676178832159
0.661412492812115,2.20435319014739,2.92906556470549,-563.629165751114
1.63732118759375,-0.0334965123037488,0.87203335214569,-568.155455503441
2.25667645007228,0.323577267114485,0.106136746306059,-573.85861749043
2.03212728134509,4.04952278015547,4.1171907845324,-580.719596104886
1.15881535734156,-1.40738850779748,-0.316521575022395,-586.595071953931
-1.29085859030785,1.92158476790105,-0.519237926184334,-591.736383180934
-1.03615980949123,3.58097010707563,1.09037317797699,-595.927162429958
-1.61319276865914,-2.12833032666685,-1.55120257942955,-598.335485375221
-2.70856877669574,0.035273092849203,-1.34805654532159,-600.707701671132
-1.16444231493529,-0.7798172586117,-1.90755487543076,-602.175838499179
-0.458932225303667,-0.981665504733104,0.417978756139341,-603.506289607949
-1.74610600254047,-2.09143530357349,1.05659057602453,-605.27091779118
-1.59390550419895,-1.79242252792116,0.369481760267693,-606.182878415303
-0.0771525071070627,2.53877432721408,2.9476806562572,-606.902046870007
1.16592687739335,1.18768189719501,1.14105630443364,-608.617686168626
0.679657818201898,1.55126863776701,0.755704959190472,-610.757130123386
0.467163294197612,3.11474075268994,1.75585000369621,-611.523181226104
0.712612987756677,-0.73080359376778,-0.96897868785988,-610.866761329785
0.644549910792003,1.63311289749625,1.10867654084475,-611.33349195337
-0.620751291107018,-0.121269556241105,0.835619189983215,-611.862885115905
-2.14501994882507,-1.00275663559018,-1.57282738836245,-611.588689575821
-1.43875194837077,1.85212545066604,-0.450560122524796,-612.786956077169
-1.71941312765907,0.0738753816843352,1.5435547795121,-612.840771132304
-1.12537885628658,-2.13240034702603,1.66968845126075,-613.260278642422
-2.42818896791296,-0.476912706558125,-0.985944508594794,-613.439046338006
-2.39474202303355,2.99044688768645,-0.258884839816899,-613.771223797268
-1.46162469164941,2.34431709397894,2.03576237010405,-612.549812431849
-0.279898356974186,-2.91541442024476,-1.98563885136716,-612.497744808061
0.592685982021262,0.190112453977286,0.0060780991983372,-612.762913361185
1.25986250892292,1.69532992719205,1.50332870383539,-614.201064934429
1.29002462643546,-3.24872905952118,-1.57351140777374,-615.486864945613
1.66949554256268,2.81712671366793,1.12330545681878,-614.56377067672
1.77083656490489,-1.08352072420223,0.986014787190447,-614.717468144376
0.3347505273032,0.55732944821271,0.0192387655229723,-615.060690327013
1.17552823989674,-0.387945489340594,-1.77605887303191,-615.614651701279
2.26432163778769,3.15231636243747,0.207723497238613,-614.681861525362
2.95730315135401,-2.95109527052105,-1.45742712392987,-614.444545011941
3.35533502556722,-0.289216414621082,2.66827268024311,-613.792468657095
2.46379813287066,-2.15002038163634,-0.564902926899309,-611.37685611949
1.59869645955285,0.813085463889853,-1.43457755657904,-608.855954993493
2.12956395141401,4.45852440328182,1.66674621515011,-606.946719756093
2.13582941368109,-3.02899401650066,0.375970015422959,-605.302143663171
2.47793219533526,-0.123414844024075,0.237677748857062,-603.229873699083
3.07013222086749,-0.294541580077932,-0.700314529174065,-602.100330222567
2.95441306037771,3.08318613765391,3.36969670079209,-599.530417171512
2.05612533414241,-1.96371133760774,0.310207393315296,-596.701664752884
2.52424867841177,0.993156345323398,-0.906302487803588,-596.675404044543
2.50029782210871,3.39389576144617,0.514089403513308,-598.296325027215
2.95439582961464,-0.521472617136245,0.331049323921697,-598.807118789881
0.992298725044463,-1.41185717133532,-1.0743965170487,-600.160205401415
0.598339688211662,-0.322357012344692,0.590831179206908,-601.756346530059
2.0165225005014,1.00264365544745,1.85107698673257,-603.386758526223
1.70376396190297,-2.02707934098958,-3.93281368890356,-606.636126933652
2.52713554017625,3.22950447093626,-2.30188589938802,-609.722766930131
0.336753921558025,0.011283969704991,1.24676427890913,-612.420905671363
2.28949938252597,-5.80979812069114,-1.55077318270025,-613.17406068498
1.07669778589579,-2.2143296379375,-1.96749648771088,-612.489488663324
1.53331972922219,3.09513386523654,1.24011041459345,-611.354918381995
0.844244264028606,-1.95366070069344,-2.2260783701762,-610.139234620884
1.54345439249688,-0.203006895263451,-0.865989502142246,-608.268527284595
2.25817914614809,0.0853004995933958,1.16357604117953,-607.144445349724
3.67901251394265,-3.19343602859439,0.995290506375654,-606.036108156163
2.92349663704396,0.981934745194118,2.79299393056157,-604.602278663847
2.7445004468192,0.843206730769506,0.829763345559749,-602.558433788236
2.86805758856761,3.7478077971906,1.08775435049389,-601.514992399517
1.0200634718482,2.06902864788867,1.2478523859386,-599.182494673103
2.36542523003185,0.163620620708028,-0.328789430976174,-595.924728008694
3.43675811553317,-0.165047524034328,-0.783496045644348,-589.930165962737
4.63892076115824,1.2121468617242,1.03894701614038,-585.232335137481
2.92777192995769,-1.7748402906342,0.190414557349112,-581.265004161972
-0.295934697653765,0.21084278038753,-0.690796203280862,-579.18641286517
-1.60887865602668,0.705748946636953,0.691820223564874,-577.941414878297
-0.704168326822319,1.1007867169101,2.48413948628662,-576.635513259329
0.735239324769415,-2.26866193703369,1.98230253130635,-573.664707876809
0.0998443987782734,2.92470307749285,0.998884510151655,-570.811839910434
-0.516786083937306,1.40423342133515,-2.11177503731976,-569.116067032964
0.0996998052621798,5.01422229696674,-0.0533692963355989,-567.950793688616
-0.718795598262101,-3.78005428724805,-2.99765617779194,-566.315189771935
-0.751447650665818,-1.17962558038234,-0.0966254355133253,-564.433762275464
0.354061330899286,-3.42900459369165,0.834731658989508,-561.171984854165
-1.21703251309841,-0.841995795633393,0.561944860675045,-557.920656962604
-0.799614401441192,0.620282753009374,-1.67672008045885,-556.26194876241
-1.83545911610792,3.40514117202899,0.0142177902029652,-553.959145620707
-0.35940271062047,-0.886769608727853,0.304499524966651,-552.702127149426
-2.9251939705463,-2.39719416663617,-0.0987962218827411,-551.023831480005
-3.0071567940136,-0.614761828450997,1.1245452038104,-548.786924509981
-4.46137552403644,1.24210840547636,1.15416893515919,-546.05981265928
-2.91804299221092,0.363804382808548,-2.02369784515886,-541.48661654645
-1.39001629050787,2.63680186238494,0.615583590419301,-536.725910121528
-0.34167627976893,-0.597818626861324,-0.231516348370705,-533.163165798342
-0.389711185211597,-3.29644348431766,-1.61758680022833,-529.753293191594
-2.33043579777531,1.90299693925101,1.89574041639482,-526.649241541843
-3.0382918994912,-2.22624590620282,-0.122325285389441,-522.986062457067
-1.32753781009673,1.23393295137816,2.34863920327603,-517.591600178314
-1.24970289216802,1.02698743297084,1.45852451863912,-513.639881058423
-0.63388365912616,0.738918207462051,-1.56526824672084,-510.117479637702
-1.96787781616011,3.44778826121186,0.260072789107857,-506.653661965064
-2.6657284538888,-0.412289133278419,-0.0626603428133698,-502.677643350331
-3.10415545996805,-2.62839027980001,-0.483153050527021,-499.30350943869
-2.99584899031649,0.126948192551733,2.23351990518331,-495.640198756714
-0.6619161776491,-0.463954902333234,-0.790008432302843,-491.557919295978
-0.689635244252467,1.2701206551829,-1.54293464276297,-487.396707345342
-0.556364407742728,3.26928857096745,1.40517389579769,-483.32588283121
-1.87522220073364,-3.61665515870981,-0.617051532634801,-477.799581701208
-2.10451920358915,-0.427771902992624,-0.420850804649783,-471.310510167057
-0.881303314763733,0.140732282570294,-0.227578129458907,-462.614690943289
-1.25005417839585,1.0994153391725,1.21802409090889,-453.696498708626
-0.702767660498219,-1.39364709202867,-0.273133433188233,-445.880100585497
-0.275167263346757,0.781131884740419,0.062780705591701,-438.651212725815
-0.335533688048757,0.762822518198964,1.63665903937719,-431.480791732422
-1.88928905157119,-0.0247455395674823,1.86355040942286,-424.591623766522
-1.911913955704,-0.248869972841112,2.11511479526406,-418.179107578157
-1.59413426222054,2.93348918637449,2.18803467823772,-413.452104558391
-1.28751831546683,1.34785735287515,-1.37931930733752,-409.881139291647
-0.210266331639475,3.91285052649168,0.0319617495461655,-407.709370689845
-0.0778915238259479,-0.53808202460501,-0.158584088355245,-405.56972464879
-0.0849216984181487,-2.4891030367053,-0.952515104734224,-403.159794258105
-2.92793010231761,-0.791405845008607,-0.899008893268606,-399.171061064781
-0.877929202394656,0.194793309178843,-1.79082536591019,-395.188250560294
-2.07758983211779,-0.476773900119535,-2.14355580820857,-390.193516942122
-0.201322096876094,-0.82365591309979,-1.70689361890121,-385.462947535406
-1.42364108712741,-3.15443609778965,-1.51327809273032,-382.257079490917
-1.29432073065431,-1.59455219072171,0.252596212407044,-378.923577976449
-2.65960970266866,-2.19247356561313,0.986456688750793,-376.14546707218
-1.42078701192932,0.61661749733827,1.04906137696265,-374.320164111605
-0.217017422131799,0.689590247326044,0.618204965891885,-373.465720131258
0.531606421886872,3.07929617503759,1.42311239355305,-371.758786725929
-0.541637219530004,-0.659028384776358,-2.31862906924685,-368.356325332168
-2.04942361977781,1.89677870148414,-0.0176491172558874,-363.582774960882
-1.58248588867094,-0.958511173562793,-0.204408894066468,-358.73541986479
-0.984704918734209,-3.02977359000319,-2.39751645430654,-355.113590821861
-1.35593284545711,0.869073311739323,-1.01621184325672,-351.497462460997
-1.72996902821417,-1.03907333403108,0.287421547412566,-346.814695955331
0.89950146567,-1.66911806603812,2.01117391239831,-341.090566431138
1.25022997065161,-1.51329521870668,1.51775667404507,-334.802853810686
0.255650601368156,2.1790069904046,0.980899362589762,-328.130393233252
0.595244635270421,3.14486583495829,-0.628975767054821,-322.192092477376
0.861281580007871,2.01472873129909,-0.0653831479301213,-315.9349272465
0.922085514739006,-0.546315986151316,1.36221756167493,-309.583180179823
1.55653928509342,-2.61935908339957,0.766850499045069,-303.136787411489
1.72426872378891,0.445147661719787,0.917547331056407,-296.868092582752
1.41179260296831,2.22686636760003,1.08575583598524,-291.788099835425
-0.0696074189642863,1.67478879473377,-0.142568207714806,-287.544728139928
0.920029007012101,0.629033536641952,-0.0553688629024981,-282.751390827145
0.336306762556167,0.444436144283655,0.735117099923221,-277.852352227596
1.24953338188879,-1.68723077984179,-0.566681759806684,-272.904171924196
1.81539615020677,0.887610651275797,0.151920475022917,-268.125581269801
0.0313807303567579,0.111594221858888,-1.29412114818044,-261.976972254113
-0.492728990671976,0.13594477904393,-1.43118245217244,-255.541988489251
-0.80507672479527,-0.40392348471059,0.382100599103837,-248.746955927091
-0.683985231261425,-2.31603050808485,-0.040281599959382,-241.708522312668
-1.97429224554326,-1.18548654014986,-0.522344060056374,-235.565805604929
-2.20149758824166,1.53213076800801,0.353860627400989,-229.65519579785
-2.16531222552515,0.0778562333042508,1.27585757200622,-222.537213355086
-1.66341109026584,0.0292936249503567,1.18647439428558,-214.735541006872
-0.192551877622168,-0.372633936103063,-0.146555575351718,-208.204046038503
-1.8567964500574,2.80118165457199,1.32529401007194,-201.812874087122
0.537053293105719,0.0369711402277131,-0.880755895164815,-194.933404524942
1.61085328484126,0.498392023300935,-0.692460257419995,-188.045541542998
1.92301063364274,0.298441471348278,1.53084977293307,-180.356634181392
0.249451441956788,-1.92646636090746,0.8266930208085,-172.676517171421
2.02980030283007,-0.132933548155018,-1.38943923270316,-166.016676367712
2.73919793764087,2.57384408226486,-0.275059978282822,-158.825236012036
2.00981375717918,0.916250518809333,1.23286243412779,-151.304380848639
-0.382025412833597,-2.90405658029231,-0.658918610064117,-143.16063495154
-1.14323121077067,0.154684553844663,0.66490098104636,-133.83540403449
-1.02718075623524,1.11979054595485,0.860405599340766,-124.048285015417
-0.4827708439366,-0.149893139918569,-1.39843076807884,-115.745490273593
-2.41353287759034,1.56539539552728,0.470838357299004,-107.589469352825
-3.00724347286807,-0.345337127892404,0.93561702664262,-101.153787959106
-1.7786403841345,-2.10258755679529,-0.128005847330911,-95.6098010917788
-0.443545439573715,1.45890255758667,1.93406943224066,-89.3626036218359
-0.233848001229995,0.525330485381532,1.1054884903956,-84.7455085313183
-1.13248793466875,1.08731571830699,-1.29922492260891,-80.3300036402962
-1.07949910475963,2.08212059660136,-0.493381419403216,-76.6250674496253
0.403868099130018,0.395012307404436,-1.07641980119177,-73.3838220223983
-1.60883058597942,-3.25915657463599,-3.00589351532183,-69.2916109793476
-2.0133173884912,0.242080464762297,0.941057860267766,-64.5982455255307
-0.944280381653267,-3.27484390430367,-1.9976935738057,-58.4612119738662
-0.239424515203689,-1.06208621200308,-1.83266604239806,-53.1387950026857
0.534061338008929,1.90735958394365,0.488093986101846,-48.7850445732654
1.59901481989507,-3.44130132415437,-2.01385136731047,-45.3998389822504
2.10409568445053,0.212641239718264,0.931403071799312,-42.3806926184965
2.06743063461243,-1.21733699316235,0.871142138031125,-40.4838442110695
-0.0767671107359444,-0.602393965239339,1.25313661014412,-39.6554229983493
-2.19502217790143,1.95240504935484,0.494464281192233,-40.064951476372
-3.35369939816567,0.912017338744155,-1.71569766062923,-40.1704399282374
-1.47836708221907,2.58881613483143,-0.317812484076758,-39.7263866632039
0.486698402696046,-2.26640441228024,-1.35296105789828,-38.2558415722087
0.0790486915082158,-1.7389207015889,-1.56313780287757,-33.8964199155432
-0.763408244383009,-1.50994058372045,-2.12386148190069,-29.0940179713825
-0.064687559354086,-0.259270700541826,-1.52083157022575,-23.3933577330271
0.501891364813628,-2.00360267095355,-0.712619845239542,-14.2039826113399
0.332731213183084,-1.63973655854259,0.6532378134005,-3.71180398049466
0.0521677205771433,-1.94910493742886,0.552414117538038,7.12035866459559
-1.57569014583557,1.20861881742297,3.70797156058583,17.1298754389081
-0.395082983403929,1.09757517635667,2.14986080823754,26.4582358663594
-0.252390922236594,1.83286531367554,0.649998700210139,33.9347587442252
-0.989636459747516,5.32313273330649,5.71357420150775,39.4359123688051
-0.167818344417074,-0.360514130884674,2.91054917566962,44.0564056733963
-0.416561059274108,1.37002953221644,0.205690502682935,48.7249186996439
0.21508739910149,6.53282903775088,1.1467132973188,53.3892100126061
1.12237393862814,1.12120091920109,-0.918317153305432,57.6537175411954
2.78864074179678,-0.138034594996339,-1.9797851176399,60.0170912384997
2.60674466748167,-1.94488587195073,-3.49471929947544,62.6430365595259
1.7893684343077,-1.09317317149032,-1.70775746214765,65.70179606067
-0.114891436055517,-3.37738465598025,-0.872313398615573,70.4583832361563
-0.483664001649617,-3.14474539809924,-0.723806641630702,73.7145857192634
2.54705957827482,-0.809974316968742,-0.705015711945888,76.4550485412012
2.32562059693314,0.638572835910176,-1.91581492402605,80.7969021639736
3.92737746743755,0.0808553632861748,-0.689895784149676,85.5456613420555
4.06191672233645,-0.780019125460561,1.0778039929539,91.8181531779719
3.76762550805903,-3.63844446016355,0.579031971866848,98.997508358012
2.2830023727797,1.31836142043905,-0.193387262667389,106.561255505202
1.40017016719136,0.919243345346239,-1.77336637546247,115.165677265815
1.01687719266245,3.233252673659,3.02373931686526,122.202699356049
0.629453186905236,-3.71238098950007,0.274702553953023,128.633046202592
1.16463239649442,-0.573647766335444,0.926542952469026,135.494963651678
0.411942994125936,3.50064377733757,2.88356603876871,143.749386737935
0.635974868949477,0.23282722541895,0.40050643938706,153.059873304783
2.67460112422105,2.76850631650522,1.8775416668398,162.833053473241
3.7222111770108,1.14844182528074,-0.694797050336281,173.893132639494
4.34008433261503,0.272981624057305,-1.86784132286777,185.253722871228
1.68658273973072,1.82843197793626,1.33447651675706,195.626438658111
1.57664140035082,-3.60165263590663,0.633539673607033,205.799903210004
1.24045768058857,-0.679761278263104,1.48102217448337,215.735026458079
1.65785891009186,1.21252914438789,0.963714635632409,225.977607600035
2.1249860811997,2.68226062118578,2.08088098393979,235.888335413861
2.19477458733756,1.53457457567987,1.42467412500176,246.395439172964
2.21645490007716,0.387451333886554,-1.18671943782001,259.07184464239
2.25368405694194,2.28113338107626,-0.113783644717061,270.407057497815
3.60415124265147,0.0277296089439206,0.0469630962592656,282.149199419503
4.2136601839873,-2.2106118203005,-0.529560531518288,293.214544418858
2.86904424105306,-0.0503252781583215,-0.0696559176301173,303.524556609101
0.978359382424947,-0.327346675275656,0.159709454499551,311.84206255395
-0.473396109384705,0.740119495762634,2.91891043225845,319.466518113228
-0.630524743756356,-0.761649072214648,-0.544739141193178,327.200243611428
0.0976231208722094,1.30590473861631,-0.808440527750342,333.483583017835
0.580387944958234,4.12268361214708,1.54677682727684,341.410829743201
-1.01918219640678,-3.5932898738305,-2.58183404485845,348.848383536322
0.289881769154637,1.16815424896172,-1.76613317479155,353.963190057628
1.87940804282378,-1.44550624788474,-2.09234819592177,358.490602132051
2.55519909853264,-1.2583293299354,0.0500269402590076,365.15772324665
2.204078563343,-3.63241210948493,-2.37894821253107,373.806677447455
0.691314681589035,-0.51857819672336,0.548465319461767,384.206546233126
0.50341124765295,0.669264546954499,1.31104848728142,395.840262608669
-0.187294977218291,-2.85433522533097,-4.27314328761136,408.271189230813
-0.317500903842903,3.87725646628556,-0.428125873874596,420.490637741316
1.55225226071765,-1.51906042639996,2.18470013153241,431.20530182465
1.66214552922541,-4.55755228311397,1.9054729899759,439.396667407639
-0.187200552230544,-0.228101532937902,2.00429528399066,445.844630374344
-1.01964775844057,4.70371333127232,3.13796277225405,450.048206559303
-0.447680796906148,3.19264160652615,1.95457752886129,452.722660937049
-1.71278363163845,2.55489102207139,0.667520858095851,455.711539108136
-1.69138890867824,1.5779417162656,-1.39827579209952,457.795804144346
-0.468103385692455,0.922930764556077,-3.01855214439664,458.156719492354
-0.24865316172694,-0.876138267650015,-2.96211633930047,457.163756445923
-0.213384719486225,-3.01561401855373,-3.3365738578717,454.105551211911
-0.848011946617063,-4.44589226266956,-3.73445512168305,451.368633880145
-1.32831687315448,-2.35734488482102,-0.530365287974687,447.09769303147
-2.5463704862661,-3.56552044743289,-1.3522422925882,442.368001138893
-1.73807506864448,-1.9758382785153,-3.08343048394487,438.063367255289
-0.780089882935836,1.456977376751,-1.5161008715471,435.014390428944
-2.51522374843341,-1.76936982907723,-2.8075087891415,434.121282096823
-2.06004251852904,-3.07688283431705,-1.45321504453732,431.951512661587
-0.952228648565574,-1.94445360518171,-1.19571266234216,430.547670856495
0.356372816992156,-3.43627238064697,-2.71037564817188,428.708748574927
0.915273823833796,1.60751507842852,1.32604706684522,426.626518398174
1.17105478946409,-3.00357433992934,0.642941261227592,425.930522176295
1.9835495364978,-0.290998142261702,2.63739017519913,424.89240002647
2.51969029346758,1.15891722461397,-0.0797818008696725,424.518216226316
2.28813669457073,2.40305115226221,-0.0213485261235306,424.180177639586
1.82687926026742,3.78782157309447,1.86087809344037,423.385222374554
2.7331147031255,-3.52045268699225,-2.04288567357529,423.916177079846
2.26951693468648,1.84909360538209,2.06146417023743,424.470790106858
2.17182114291711,-1.11308433598951,0.197358085455893,424.867285730978
0.32002277207796,-0.361168276387971,-0.222239685782357,425.939411965595
-1.20785771672192,2.89488057061987,1.58456679412163,428.057697254878
-0.911950186847056,-1.21426290566905,-1.12579690710052,429.488035349137
-0.93692588994198,1.35872486056608,1.51285557917246,431.974742691462
-1.62540554801336,-0.187115280777333,0.936480626963477,434.018758037284
-3.16280668500393,-0.980172583497623,-1.0173468022152,435.126426284658
-4.18857031315207,2.82131876659129,1.55875840838132,433.703707669644
-3.25008380727625,-0.449147579501469,1.35758272929596,431.58997084194
-2.92905108918223,-0.424990979062625,-0.479250849095835,429.545888913903
-2.75073962597182,1.39275694749854,0.712602240810163,426.758806153164
-2.49761686091054,1.83036501043158,1.10693618399745,425.058172614972
-2.01997945572552,-1.84674863169339,-2.27087201666951,424.163839849409
-1.06522286091123,2.29374652581237,-2.11230703882135,423.567900021443
-0.97002138586151,-1.27173008629578,-2.27981702094681,424.879040242673
-1.97213732689719,-1.77288661695454,0.0466884010737988,425.089041807196
-2.46807301645294,-4.66627336940688,-2.05799628711698,425.444714370017
-2.1881950461484,-0.29098160935197,0.510943199784955,426.647234203492
-2.62709759276945,0.633928047615979,1.97724545590324,427.024008914754
-1.10535321078741,-1.41493997561232,-0.147635279307882,427.012699980099
-0.574042084830824,2.48431111612934,2.63310439334698,426.841672368689
-1.89064902072159,1.24030439044936,0.357858734429129,426.17292325537
-0.536084273972986,0.19980613517924,-1.20791206809116,425.463781692278
0.0189722147586298,3.61540697534989,2.64009777368798,424.569872422656
0.95257386438697,-3.00485995770036,-1.4276061443354,422.801726952217
-0.877572170099915,0.571280930422475,-1.02232130185846,421.611684045678
-0.787185680311753,1.69141392875299,0.529724059643611,419.9240663617
1.19646672599118,-1.99068527519845,-1.13505909591503,417.526351925063
0.351580907842337,-0.513708249103306,-0.454935767402379,415.451207758559
2.26868536032178,-0.111712086596913,-0.0490138059380699,415.10409571894
2.65731076473043,-0.890010479734277,-1.28044351273301,413.347916019372
2.64925182828145,0.139390206035596,0.176254498133533,411.578367529714
1.93242836497626,-0.309343412033633,0.0907110470158306,410.161218019799
-1.00189130232625,-1.662526918818,-1.82176706626862,408.834783777003
-2.38235095215473,1.52308870468982,0.628623176155149,410.099063930778
-0.324419482613226,-1.15301386506025,1.80205813725664,413.144702877023
0.0106940823529486,-1.25273645637847,-0.939734251602879,416.116922112323
1.35865345366273,0.962670651118149,-1.21308750892178,418.541453571793
1.01420896982274,3.39054216788524,2.09469452842762,421.785804093496
0.495841413050388,-3.52245258782539,-0.925356234738272,426.1825120374
0.406251045954808,0.396026030211097,2.64279307551952,431.55801486652
-0.00557544827930412,0.794698197601621,3.57764569272565,436.576465624219
-1.06395703801559,0.0584509899621518,-0.0204323476052317,442.112092291956
-1.15983657297401,5.12054677744187,0.487908252720355,447.669947556891
-0.991206608393937,2.5142554231691,1.40056367922186,455.101979998137
-3.07220576649144,-1.06907537123088,1.48914758994172,462.058791846496
-1.47607546439124,-1.25045485715007,0.904622513641629,469.029134262863
-1.60507752890022,1.82769737369924,0.408975971622337,474.9733019667
-0.318478176808684,2.01439906935565,0.616466387373215,479.729762606112
-0.778521845862155,1.43858364654364,0.978859248079903,484.211692191823
-1.22166257053682,-1.20942332170857,1.25734580801657,488.34956178675
-0.27975993409034,1.07810881287306,1.01773235852626,491.897604601843
1.46311604028725,-0.1536617710609,-1.07505427812031,496.859207311706
3.18047838268061,3.69983912065247,0.466975557658787,502.163788303406
2.38853381953067,-1.70981510269278,-2.40725940508922,508.906762355104
2.65366759133974,0.0652745897867245,-0.553839300919314,514.98012928562
2.95330007961112,-2.05011896150709,-0.75123743376123,520.736275603831
2.03126136454634,-1.96449815113047,-1.37402470572044,525.010724357731
0.535493618189252,0.00820391391362666,1.20015919305337,530.414174000599
-1.20325990327055,-0.466854355824492,1.26364590609424,534.999685378657
-1.39246358798633,-0.997776438207226,0.729534317819604,540.928538352902
-2.11328150206298,3.09942592576808,1.14103647610045,546.108681739566
-0.380489631661901,0.174993833009728,-1.23309426745985,551.093083395677
-2.04813853454512,2.6374022611301,-0.481096291825343,553.142946144656
-1.27489148495399,-1.9624482381389,-0.319986288044984,554.347155566712
0.389584768521922,-0.491245175289381,0.280205482943193,555.277221367963
-0.0754854890798175,-2.80786767383803,-0.581775404129167,554.175593119635
0.107415397571203,2.88178629461981,1.39309587917305,552.357291048436
0.333285199402161,-1.9627199818745,-1.86925611523445,549.963244751423
0.917922963434953,2.94848980785185,-1.72052867768203,545.568639668519
0.338351548660374,-1.98239449054414,-3.22191805067176,541.640317729111
1.64263312787635,-0.188994689151077,0.326131804690447,536.505936247939
0.62506921957231,-5.75028336764831,-3.8705180699678,530.912737720531
-1.35646444011729,-0.493732201674196,-1.99883907488318,525.744073381626
-1.00751642905153,0.0294889795963434,-0.182749756846879,520.106934710292
-0.769633446909513,-3.83817540659369,-3.40269718453857,515.13186740608
-1.33111566354896,-0.575627487400196,-0.705224058303308,510.401735556923
-1.93163527030995,-0.693274890809781,-0.368712353093487,507.232055796004
-2.01577582208917,-3.67917716929377,-2.6566780379447,503.726220067858
-2.62826916722642,1.79717788184658,1.26068003611328,499.057803341582
-0.516902808263321,-2.42571002195614,-0.879225508518331,494.515259450845
0.785938104595641,-0.437928463449521,0.0578981300568114,489.756463463232
0.149529134557391,1.12853632130234,1.22455572075543,484.654853905692
0.476506477957871,-1.05086875139914,1.07478075143136,479.971815745505
1.76797874939157,1.48874844990806,1.02320306116254,475.841790847681
0.852055282469364,0.257963506392951,-1.89816818652324,471.854773197698
0.0868322573836946,2.97654851370938,0.604578603349563,468.555976111424
-0.596832074947752,-1.32536390229947,-0.139573362105743,466.159956425302
-0.610107070038908,-2.32131000294009,-1.33537246329693,464.807747916578
-1.12741113253252,0.717548468994737,0.550526058295336,464.672107368059
-1.77879840583673,-0.389692768385662,0.804889059810003,466.12382171229
-3.01255456677577,-0.590564016028327,0.100689240708808,467.815150999191
-2.3581006897828,0.993280847439885,0.900467904071439,469.189497779195
-0.366832628575597,0.969825576332398,1.59794579095699,469.297795379607
0.362960217750481,0.0375690010595027,1.32333854237755,468.907477021551
0.551661636924276,1.26954912935384,1.92608590185692,467.438384737309
0.460010729634001,1.50888817521014,2.42788205923702,466.134389869734
-2.1068150572682,1.6671780697161,1.28891301863845,464.615322320847
-0.485829798112194,1.9315225924353,-0.132122591042707,462.492548975439
1.55911211679869,2.58775993582192,-0.6463686832607,459.262626116868
1.06896477862906,-0.273102041694833,-1.22703817805678,455.846010126247
1.1077333133915,-0.880277376269878,-1.17962091112491,451.745340353468
3.72509838582058,-2.4545678289198,-1.14181929577995,446.23154626627
2.92120133371364,-0.475306139045309,0.149138190497623,438.99424499123
1.59749342756419,-1.85371631340862,-1.44758908166817,432.450854360789
1.38330996353739,0.822470711601804,-1.09547916949034,425.287525146023
0.498936588116254,-0.397729153636205,-0.748705725112641,417.249495395232
-0.510471239695117,-1.11489927872099,-0.743424603674504,408.722271529516
0.317418090458263,-1.95431424485239,-2.43288931659153,399.482531208864
1.34781422447991,0.121470497457773,-2.2552455895211,389.628880143925
0.385981814983396,-1.19445895918101,-0.193004578051726,379.305882710946
1.07040919555603,-2.51789739495002,-0.395453410661534,368.254656393148
0.670000796840361,-2.82009440313883,-2.51126098555823,355.938804686673
1.83726880321416,2.20260815884432,0.00487385278659758,344.050595960055
1.84251788382741,-1.35448405256128,-1.13022212787763,332.081690923884
0.249277309282664,-1.52434701510139,-1.37926442656493,318.658471881203
2.69173657559323,-0.583497204048971,-0.756910254054876,305.748410086577
2.39441749911022,-1.15037705874346,-1.16690437848769,291.142551460152
2.06724251689698,-0.887883736373915,-1.82458348008343,275.805020807167
0.93282211435953,-0.625140887925032,-0.258640010196308,259.967502916708
0.821068268579325,-1.20600885278971,0.25963653535621,243.049099228957
-0.0430692007503738,-2.18786944005836,-2.43954328820463,226.173689841096
-0.153080027898376,1.42941238264365,0.1731417018954,207.752543621103
0.42963632771453,-0.21762452646138,-0.882345464623926,190.533479906436
0.17743072851562,-2.88759587067057,-2.96507157959573,173.858799147187
-0.789553547626917,1.61224652718443,0.303614563823905,159.028252107725
0.0265368718813125,-3.47967015660654,-2.30609388396472,145.239583051693
0.736549334983913,-0.80264061899993,-0.68646650014545,130.051024764941
0.0574565789926939,-0.575164977502653,-1.28889367540739,115.287716985997
-0.0345516051948248,-1.87681480010272,-0.399442493944856,101.013774438084
0.783511154421832,0.5753342775907,2.08529418862325,87.8721212954878
-0.117357344215199,-3.01080224865602,0.636149703878232,76.0531017061761
0.62799354303565,3.03859402662515,2.99411294245329,65.0064495066167
1.03656125772425,0.734818711901691,-1.25522937941151,54.8086690984442
-0.689395812275397,3.39972481761935,0.358469462171075,44.2436536567166
-2.16266921575612,1.28839395455384,1.75540911209781,35.232029623469
-0.71716719921067,-3.37560205727339,0.07434762076581,24.7609307850956
-0.404645166052359,1.29529198873808,2.2596133001207,12.1782186424471
-0.816994656226762,0.897588453562795,1.42718771834369,-2.16473347189199
-2.74522741312055,2.05260431652038,1.50165031470642,-16.0437673197987
-2.54263680000071,2.149956445621,0.585625841343543,-31.0269236324643
-1.76164823098242,0.916619226000689,1.31431840089235,-46.6143016693348
-2.7541534302217,1.26317351617222,0.0615647840445038,-62.2838087872328
-2.58680840799413,-1.16093279698525,-4.0149812296874,-78.4865969782991
-1.79944307654485,3.16838428440688,-1.33448353266293,-96.8906622292415
-1.2986714956189,-3.5279858801541,-0.982375452925812,-114.590703115126
-1.56220002021417,-3.76124394048046,-1.43811089539142,-132.319477418496
-1.60901913562443,-2.58343808805712,-2.35646584045325,-149.513958539442
-0.808957567530769,1.81934089260585,0.633756182765173,-166.595897870661
0.0628332529306165,-2.21551136414262,-1.11629880955273,-184.164033675023
1.42781058466847,-0.768247749431246,-2.75728078366699,-201.71839937278
1.81157362842059,0.165469667422722,-0.345515058002944,-218.472237874306
1.18476679088111,-0.967764948030048,0.935474293689933,-236.575479287452
0.162814490970749,-4.16948225082353,-1.22387540187811,-256.074357664475
0.425732454472474,2.33517392785102,1.26192194092174,-274.598499855399
0.668089223667985,-0.15365154144462,-0.686166711781814,-293.898699334413
-0.551030424769828,1.06084279054614,0.0483304835205636,-313.312630092719
0.109904458230168,0.00981759162193151,1.00670400651923,-334.203171255476
1.73600196641641,-1.06046285974071,-1.24575663743335,-354.710775839143
1.34736772800771,0.204404819775784,-2.45394790242012,-374.608605230038
3.19411845660036,1.63091927113433,1.24793691731769,-394.651679088118
2.93210945079695,-3.01304372600051,-0.687526094980191,-413.144711608129
2.75972833859354,-2.31436034365601,-1.7792862468641,-431.839285266307
5.14008246022431,2.60310987456606,-0.323337800692475,-450.804169623818
4.6562840991747,-1.81128155014407,-1.09148569441508,-468.717371548886
4.35034267330358,0.0311269618594906,1.44107573865769,-485.971522919285
5.23275339598397,-2.8560103930976,-0.932157620741239,-502.201879071412
4.05743382999659,1.37595940312066,1.70057037174116,-516.72689882523
2.82943234897961,1.18839300289768,1.20251900256244,-530.619160708593
2.84693292124217,-0.540630488008168,-1.20047258826383,-543.657670168841
3.08143800082295,3.10815215228392,2.05796572140934,-557.125681202683
2.15934279012363,-1.02148491633227,1.0406645731516,-570.172809464087
2.33985119771167,-0.583685471399339,0.794262663106573,-583.453677017792
4.07860045273772,2.20287633007295,2.82700002292995,-595.490179490087
2.83053338252687,0.917330429397573,1.56750727242103,-607.331751291594
0.867562313038908,1.70381607868921,1.1476082136064,-619.055727414818
1.62098773436032,2.93239983773699,0.855986675299598,-630.742265769929
1.81372423016897,0.487726589812015,-0.00761483453021816,-644.447685606876
2.29248006214739,1.29884386782814,0.645186354340257,-659.546563470529
1.57757099919304,-1.2822363121168,0.486985687812724,-673.040402496292
1.07114166152338,0.928919541330225,1.36016727602,-685.578468825091
1.41388846659766,-0.618400894286724,-0.479632264808167,-697.835856849992
3.16985337560196,2.55204141780263,0.923237402999065,-710.147427138905
3.47845856403249,-0.0952224399906096,-2.07678494627846,-722.61122416669
4.62308241153406,0.0602023319373877,-2.5986912068762,-734.664638468133
1.74015442439922,-0.0071605400117456,1.5740104255973,-745.86096476932
0.821634439267477,-4.06914528616663,1.05197836022293,-757.851801350841
0.933636281788408,-1.98563992517761,-0.482847586891504,-770.105786651924
-1.00962890758621,3.9277161121116,1.10661627877934,-783.692963247431
-0.927896723755995,1.41305754603771,0.197562722273947,-797.9912002461
-1.1666583293641,0.0793499594334774,0.368492074426596,-811.97927840461
0.565300803655781,-0.317037179258676,1.05324531887008,-827.391938023202
-0.185951960227809,-0.324515102384863,-0.557990856553009,-842.065539448549
0.0462057661277384,0.877643823305914,-0.775514749707629,-855.46887318643
0.191810755904125,1.56139858409954,-0.626786909592528,-868.610068009715
0.388403341263559,-1.96241124405506,-2.0925596274112,-881.375730642983
-0.699462996805899,-0.283171463665441,0.317689103749568,-892.702876502013
-1.10544058517765,-2.51249790593339,-1.83343626179978,-904.306627868817
-0.347763651399818,-0.858067351970223,-0.540077792057421,-916.841301040948
-0.35186265461716,1.01755253245444,2.63967857380571,-930.713099813126
1.32325696991602,-2.89377948580378,-0.28414657025352,-945.864500844935
1.35920780760907,2.03902565739823,0.738367443877576,-962.044119692697
1.37482818292989,2.35709395181398,2.38396340554378,-978.120830471003
1.9239435568016,-0.0205175304159351,0.429110545116526,-995.174274934068
1.71745414265363,0.537249742271939,-1.48425440989096,-1012.70407729564
0.674938535521629,2.68405774491704,-0.845616269412574,-1030.21508086088
-0.157780646448527,-1.16721288595504,-2.11803340761366,-1049.03811180794
-0.148194239645021,-1.87400178162484,-1.91702955528064,-1066.7091207486
-0.607334385246566,-2.30431411215821,-0.808691655518303,-1082.89531358876
-1.3866140931006,-1.95036686165719,-1.18633011828508,-1100.55412131487
-1.68427344440889,-1.42282719652977,-1.6015508559332,-1118.92504936712
-1.34385522528503,0.743824952366519,0.384016264460469,-1137.85722342458
-1.61611477293023,-1.8870288346093,-1.77066503672068,-1156.77016762591
-1.14126329235595,-0.548734616134818,0.165228943117654,-1176.88222066804
-1.33550246573505,0.30893698825037,2.80896820295341,-1197.6155172629
-0.35970312931397,-2.5773064030421,-1.94459126926915,-1217.7389442918
-0.547203213719455,2.83820463761344,-1.19624407474548,-1236.78387771783
-0.0387596050732927,2.61565552343239,0.516007186687353,-1255.36636348877
0.98914326877394,-3.60995154763205,-1.29615265820976,-1273.47287614398
0.759232343166312,-0.968139053028249,-1.30192119360001,-1292.1036017418
1.70406185560766,-0.746423560131781,-1.60964904570724,-1311.25777279891
-0.0348662362305172,0.338171804422683,0.835127102187207,-1329.37092894256
-0.245588264508599,-2.34596720564475,0.871824241562863,-1347.23497846258
-0.599124870666259,-0.752393473921889,0.602258274555532,-1365.69486311553
-1.45734995742918,1.56625527928709,0.870233615389536,-1382.62224664711
-0.844139118358198,1.982342608863,0.270211777890822,-1399.84834730623
1.16484531225288,0.458568949623405,-0.867863338785326,-1415.9470289669
2.00792889818754,0.673701897351983,1.17242847902096,-1431.23952918504
0.590494537923351,-1.29446399837936,0.630031355978357,-1445.94650396773
0.112321940381544,-0.886413364133149,-1.17302180159166,-1460.8058680656
-0.197065343829392,2.32350352152619,1.88858362470804,-1474.77764971305
0.613959386673903,0.130102020774685,0.904653305720045,-1490.21354113049
0.17271535551103,-1.36493516060463,-0.142539032841615,-1506.89526724747
-0.75386443786824,3.26868331698638,2.74615885357786,-1524.12161792544
-1.78371488650252,-1.16969848881222,0.208872230494844,-1541.36096081619
-1.29642152689063,2.25987200118707,0.667408569486037,-1558.53466001891
-1.52176043392436,1.16240208655316,0.968779417439236,-1575.98997030971
-2.8695324399675,0.758586134153131,-0.605099426720243,-1593.7936282878
-2.91356277159774,-0.621481751870747,-2.69685215485183,-1611.20850930546
-1.35330218117992,1.77278000261849,-0.0860084717996783,-1629.22436346286
-1.78370842736854,-3.28372949981662,-0.990738394504076,-1649.53846183948
-2.33338168684285,-1.97712748301714,-0.416296434295338,-1670.32992869896
-2.05149416752972,-0.488006858981908,-0.407830390793666,-1690.45017105685
0.719439002809094,0.312113851445579,-0.434331967335387,-1709.49428882084
0.211631643817349,0.204103916568477,0.36384915408017,-1728.59572619019
0.181641434206355,-0.574916343265661,-0.429588608708772,-1747.72275992329
0.604140957385495,-0.586389772756455,-3.01957530770086,-1765.33596110554
0.722459515264309,0.938954116114438,-1.28729181785812,-1783.28961201261
-0.804113566139467,-1.32517702457442,0.840289140963298,-1801.38167147606
-1.82858717310848,-4.38074533158977,0.136545821942049,-1819.01769281277
-1.78903686748345,0.00770934336058908,0.322563620528242,-1837.21352362401
-0.655896051824846,1.72588565812227,0.113622015809146,-1855.96819795779
-0.928685915441372,1.96044671817124,2.20755892609875,-1874.28636875969
-1.68675050730618,-0.583449542208471,0.373881011418319,-1893.26679592199
-1.12891995095643,-0.122026951666268,-0.990920844693995,-1911.91155950799
-1.35438446517265,3.02373680236895,1.56748076367407,-1931.71116920059
1.1300401062447,-1.28721812984585,-0.681349521378902,-1953.75131096064
-0.984560522533319,-0.261900958871132,-1.16880979356464,-1975.66430603267
-3.07426155483342,0.970422906817606,0.66476922555592,-1997.7832445766
-1.60673462976145,-1.29036486909402,-0.628444536436208,-2020.39294975563
0.132465946643558,-0.927912439280751,-0.561061006441671,-2043.63372361953
0.624996829528333,1.13449939394531,-0.291470628784175,-2066.030285696
1.16903982191641,-1.446815667519,-3.57409064555519,-2089.37304315048
1.583449752114,0.911769107417448,-0.436114922217326,-2111.91736186086
1.77399228575582,-2.39586925276783,-0.071996870579126,-2135.37328209721
-1.03683357276607,-4.03636110014934,-2.07791777849127,-2159.12388280319
0.14468507773008,1.23944680993904,-0.409344893694151,-2183.17949572159
0.861548016915157,-0.265714932201871,0.568877004270199,-2206.74045325637
2.36526720862531,-0.86992147912869,-0.49171334930093,-2231.99474166961
1.55722481036357,-1.04350835748305,-0.472191122785335,-2257.82746486641
0.89007127798499,1.98457685124241,0.640541769620517,-2283.97883415366
1.44196750298083,-2.17084481570232,-1.92081256834232,-2309.67226677554
0.100021491128463,1.9196648274778,0.554702805807926,-2334.17171543718
-2.97066613349047,-2.07802108175136,-0.297787134600432,-2359.40018697997
-3.03736912467242,-0.275683934796368,-1.3710221404896,-2384.39693267776
-3.02523458442911,-0.429416836131785,-1.94259135673499,-2408.91854254035
-2.1210313148578,1.14743716997124,0.413228400283281,-2432.15593927026
-0.240284889459642,-3.55289862982509,-0.745391595908508,-2455.20501248769
-0.562826370320428,-0.512784590323409,1.41672978902766,-2477.01403503649
-2.51560583611896,-0.277101272119598,-0.292792616395553,-2498.46962432062
-2.18390205522409,1.11536994869154,-0.292901985743855,-2520.09620784772
-2.694260305814,2.24469257790456,1.69142289691709,-2541.21985512635
-0.531354537462587,-1.96429441489273,0.789101250599839,-2561.96148085883
0.373190930083697,0.653811111923304,0.997630947181976,-2582.22241698353
-0.928796351321588,0.895653216783807,1.15283814891052,-2601.36318166939
-0.947859218963179,2.3674482405822,1.85074114506806,-2620.54280443878
-3.0207663329831,-0.177233833091363,-0.516986393201769,-2639.918117174
-4.2699019218015,2.2939957606619,1.06186491304808,-2659.52791228465
-2.58010396481746,0.173625146580776,0.812949793719376,-2678.11829346639
-1.90007153803795,-0.590010068371825,0.30222451214731,-2694.56512569203
-1.81751470609046,1.02466587764645,1.61440964223287,-2709.58013982552
-2.85343602702802,0.566627269040683,0.639288480829465,-2723.1769129471
-0.953977372431922,0.769087432451642,-0.397892790122928,-2734.64519697786
-0.698898977726701,2.00960867796005,0.367009915760732,-2746.18751024005
-1.58045810501678,-0.571931582547259,0.756824436092904,-2759.11538805519
-0.023425029954049,-0.47467978133219,2.68285234015679,-2773.41380155813
1.0403380055901,-0.407348734494269,2.16760983716459,-2787.78395265815
0.526940692312179,2.14494401129787,2.17064268872255,-2802.21033479389
-0.67208582057097,3.90055557130897,3.77190091106272,-2819.37980357461
-2.29258689549976,1.92890813368756,1.31088566508781,-2835.91803270299
-1.80268100042714,2.07680917684834,-1.5544945162375,-2852.66057901824
-1.65632325189768,3.53774720746799,-0.934051204380457,-2869.4975739294
-3.28049839681081,-1.14330029401039,-0.739988291485545,-2885.95444921736
-3.75780943213499,-2.94056577956692,-0.58025734170256,-2903.65001950756
-2.7403005460977,-2.22073288913705,-3.52538673877567,-2922.2858730956
-1.87480625961952,0.508806778232441,-0.814037547984469,-2940.12261007548
-1.25546459679645,0.0466893618783617,1.2880025391923,-2955.87371777862
-1.38227367644526,-5.43185058901161,-2.37068247512207,-2970.49760089106
-0.353852174006418,2.37057850285331,1.2348798163985,-2984.06985663196
-1.25128974856493,-0.439510395015228,-1.12667242820844,-2999.07738016605
-0.586098075889284,-0.11334552135316,-1.87521908095048,-3013.26473698033
-0.906528458671642,0.81312901887917,1.01501978697214,-3026.21131195587
-0.77292905531829,-2.61885989928018,2.0246115960259,-3039.24081402345
0.149669596082393,-1.41338257375376,1.56427161265053,-3052.04432967338
-0.507186400459502,2.06778333987582,1.61743458423109,-3063.87129849964
-0.302489837269034,3.94552193489652,0.125751470670034,-3073.33970775879
1.66310346178929,1.37505014698664,0.0196226467259915,-3083.40497270239
1.89019268089757,1.47648509993909,2.82375877288397,-3092.45752382916
-0.658283078443605,-3.41654046364144,-0.862313839006191,-3099.93373632386
-0.971743625348005,2.10523958146231,0.416751280441071,-3106.14003326381
-0.874649398721582,2.24647821791243,1.93157688735571,-3111.72770276078
0.0282919312497644,-0.709184011500852,2.60587869022357,-3117.27838459154
0.438169935538301,0.376477706641693,0.559428523670145,-3122.61903219116
0.141045099295405,1.84760005455919,0.357836598418356,-3127.0400669557
0.102825194310625,4.30540168617872,3.92959978610603,-3132.34500656571
0.854173061750907,-2.21947868534003,1.03381566739028,-3139.01023318347
1.58200974803653,2.05901644415305,1.47069707845816,-3146.68655290671
1.33243864377002,2.75430949949652,0.864206234912969,-3156.04905259925
1.31436025658723,1.82962210375197,0.625143589997465,-3167.47056235818
1.71975754991501,0.58724686290692,1.23637470929831,-3178.00257112892
1.39812179631502,-0.303477249396766,-0.522367874174241,-3189.37430131425
1.222821939541,0.329782879467348,-2.14305104124894,-3201.40247519252
-0.521384908927837,1.73715486110855,-0.86569917056043,-3214.72706035193
-1.1151261341949,-2.15606898676412,-2.50334517484808,-3227.83049060628
0.424455034512901,-2.44466393649202,-3.52191318354789,-3240.42002472689
-0.110574002405398,-1.42288939205605,-0.169444351146847,-3251.72135082657
-0.411108619488895,-2.84806333261484,-0.479238961526027,-3263.20707954027
-0.699264203016137,-3.3386888238707,-2.68461802533318,-3273.43309273999
-0.299218922173893,2.75847226471914,-0.388923638425989,-3283.26641203989
1.16392867074871,-1.83934916677111,-0.937886594801542,-3294.26970332907
0.354815230406325,-1.00898008759614,0.812010558566823,-3304.32964542369
-0.484717004827225,-2.26946362543268,0.713771470246384,-3312.72908215107
0.0575857147823161,1.02554610996361,0.741904883531715,-3319.96486835109
-0.299558166322063,1.05597756539352,1.0033828850834,-3327.32615885714
0.192192114909303,2.37649464797355,2.05405738061364,-3335.99624463747
-0.109625895736698,-0.924072715211233,-1.76166730531553,-3344.88346626928
0.513112203839435,2.48213857615503,0.953036942723016,-3355.2107524449
0.715758918844869,0.274043103679519,2.79041876597863,-3367.65892439616
1.70274712901603,-2.59929047769581,0.872862402680865,-3379.88861626267
1.5128955683772,2.30281788503006,0.714470123252506,-3392.47074246547
1.06663879487831,3.02689495581838,-0.790144834300809,-3405.53292976629
0.541330283163257,1.60427575210011,-0.390714780402621,-3419.35068057698
0.875886532983026,-0.861073883532443,-1.34820380422876,-3432.02638827091
1.18131946281509,-2.68940188042851,-3.83936081947359,-3446.09336761048
0.963297030734449,0.0748841403610006,-0.451816113992581,-3460.84435845692
0.384123156432871,-2.69144357835932,-0.314997227611088,-3475.21387154322
0.687372220057232,-3.62800863188757,-2.04871675484645,-3489.25370446656
1.49521684208671,1.40806706360033,-0.409802961909175,-3503.83527479192
0.415637148820125,-0.59803932762843,0.671415685378891,-3518.5724390304
-0.604916029651871,-0.797782592548788,-0.68304427903704,-3533.55204952531
-0.888680492164322,-1.28663465982524,-2.42591387189452,-3546.90696252324
-1.48248509544655,2.63121010944811,1.4485030525875,-3559.84605346603
-0.53518077218104,-3.16993576281347,-0.277306095192455,-3573.29416566938
-0.294530862869661,-0.888992849770981,-0.807667905728914,-3585.62834411466
-1.74755426403426,1.13236615581541,-0.216180264972844,-3599.02663376842
-1.80625536977951,0.580651348977992,0.0841203286476757,-3612.0580293911
0.445279466992716,-1.23108866463745,1.1105862757399,-3623.81942992585
0.87605269926096,-0.124015637510916,1.44421358278552,-3636.4847094672
0.579626068826622,-0.385220509908001,-1.04423420474679,-3648.95418977011
0.19589044494652,3.36630789715024,1.82039994368147,-3660.45932489233
-2.81885600871177,0.205147692126891,-0.120340757168837,-3670.65146181541
-0.696424729106806,-1.30967062682944,-1.17553091663217,-3679.01791713263
-0.342098402346493,2.37315039924669,2.74637862971262,-3685.04084520713
-0.503994074805409,-2.54473934358974,-1.17929833652477,-3690.30979476076
-1.35569067969475,1.07612916023739,-0.477880994611472,-3696.16437886194
-0.937892390344319,2.4617007830447,2.30497160044853,-3702.84064622301
-2.93503804475378,-2.331413926925,0.99729073776145,-3708.99910876369
-4.00122017482038,0.648418896759823,2.45468906694101,-3716.66238817399
-3.45169910173263,1.90173474997291,3.57934408905732,-3724.11277695734
-4.38798042416747,2.23486720374404,2.21202574547286,-3732.73297490941
-4.25771460824553,3.0479380931495,-0.00387999950952111,-3742.5153140254
-5.2451606944787,3.83609681936281,-0.132021509990237,-3752.23556480258
-3.76833956510825,0.400354611464549,0.399172797484005,-3762.58898911851
-3.50260186661499,-1.69438098952277,-1.45849401976083,-3773.90619563884
-3.39843089668719,-1.51373507962332,-1.42692870084174,-3786.10695757442
-2.69874863448551,1.39020923273693,0.0464251867458026,-3797.11195478152
-2.28755886666533,-3.14583574896993,-3.05022542806611,-3809.29343661043
-0.847705135766625,1.00046759977618,0.182890967872017,-3821.56235109642
-2.4672687170763,-2.30983731903917,-0.939507131558282,-3834.35483304212
-2.62615101262671,-1.85040245666668,-2.01616252301245,-3844.30163415796
-1.71019521667946,0.683809117426221,-0.969222131293608,-3853.86033879465
0.348970744287764,-1.17925592506346,0.638404787312409,-3861.41281413029
-1.24174262980767,-1.65687676282222,-0.685510485602307,-3867.66294024914
-0.495307892371009,-1.32746041954049,-1.73624046838702,-3875.13131841136
-0.0289931933135691,2.83288170523718,0.886075391586043,-3882.25825277812
0.775106960969078,-2.7430046853269,1.60646177699947,-3888.65548130835
-1.1043768293985,0.217721446213262,2.38113446712911,-3894.87465030584
-1.14255503510627,-0.933644504529932,0.774039280008149,-3902.97946301157
-0.171778990227643,5.92348672659437,4.42406856007562,-3909.20281780386
0.45520256872095,-0.315654360272547,-1.34981325980916,-3915.31039835353
-0.299780906536067,3.63885054672416,0.363150574059293,-3922.73537296077
-1.52527518589623,1.72748510210133,2.02649271689313,-3929.15869644734
-1.3658852403679,-3.13288643976377,-0.617204737428302,-3935.67810941721
-0.377332688977409,1.03091193764296,-1.70987114504034,-3941.94098301871
0.588137189542174,1.3924390242482,1.16620153388166,-3948.92907633343
-0.463542152561994,0.0508422011080654,2.01670124437057,-3957.84239900276
0.282493120799331,-3.90356660246757,-3.36676098823384,-3967.33516003372
1.30092268008083,4.49071747298524,1.73665610461863,-3976.2752117013
2.32102375543822,-0.375474350916216,0.90044278931004,-3985.16139901427
2.28457247445156,-2.80250237941036,-1.18265060266634,-3993.99505693069
1.96352724789765,2.49671701149264,0.340990655142425,-4002.5910727362
3.72466016551788,-0.494156460814753,-2.63593169117304,-4010.73782910202
4.04699262250212,0.491119031204896,-1.27259642818822,-4019.04612646967
3.25272925627293,-1.55744711488687,0.430031598034322,-4027.66991417956
3.58745303046126,-3.58177236162528,-0.636355009280382,-4037.09283428633
0.759643711223124,-0.335047711897011,-0.253502435202781,-4048.0705477086
0.187988651346475,1.501959873682,0.773299962783417,-4060.83549488759
-0.426733136815457,-0.0340468067480761,0.558916565258692,-4074.81330825885
0.796983150194047,0.0551579480572079,0.0322630994510349,-4089.86148831376
-0.829670321853285,0.44429229419405,-0.436616416252766,-4105.58029884118
0.325806408042632,0.797263649497239,-0.644767924180083,-4122.70492057079
1.04122609364652,-0.523036825496957,-2.09113950564463,-4141.03912136006
2.17042557511442,-0.606355248144353,-2.61268112411592,-4158.18080002382
1.78153049205407,-1.46714356959214,-2.17678936946697,-4174.77328525266
-2.08389965827463,-2.76370942739654,-2.05049119591003,-4190.95935484628
-1.25664519597573,-2.88337474653199,-1.83688516707763,-4207.05962325929
-1.59918971422495,-1.57262032847316,-1.9304599272082,-4224.03835167225
-2.87933868580546,-1.48496447917036,-2.30455115967023,-4241.77681045423
-2.65196651344598,-0.781960493941204,0.755412997707926,-4260.07177759589
-1.59227044214438,-2.4315101251663,0.897509790278468,-4278.42722521312
1.6284005270499,-1.78081118257641,-0.364361067927391,-4296.85917621675
2.03783570632355,2.99654526220256,1.15876402954264,-4313.50840903697
1.19808560332239,0.743678221896016,-0.729258168016049,-4330.14606550288
0.463673590467383,0.522212166872403,-1.13835258282045,-4347.46000746956
0.181380494344031,-0.0490877135752394,-0.678143280857619,-4366.53380782407
1.42229554562455,-1.83537848712464,-0.732875814280869,-4386.98491184172
0.753617947321994,-1.18376843546692,-0.304507280274247,-4405.19092795162
0.838914372296193,-0.741986111263964,1.50131320285716,-4422.71486445085
2.30027830601946,0.175848514343296,1.17335559893469,-4439.11786148064
2.38694101487719,-0.0694526894490826,-1.40673540284814,-4455.04638225251
3.22865418714968,3.61274853802703,-0.905798241716471,-4470.64866850878
0.965706368962747,-0.680472130482366,-2.40086974119681,-4486.32182875739
1.55781054924565,-1.49792651109063,1.5983747861133,-4501.43308198326
1.29135794982535,-3.27827367727583,1.43265803353564,-4514.98665872063
-0.583863502187665,-2.00237535145343,-0.0686793002626906,-4527.3046746826
-0.515708333218807,5.19154367569761,2.69124838180102,-4539.53077279096
-0.850962299658762,0.606397630315578,0.374783653185645,-4551.56950543334
-0.525206201856119,1.81749477637908,0.571199385592003,-4565.00375098591
0.507701197483113,0.415699895573555,0.534383784544063,-4577.56780581234
0.791943897478898,0.356028003967358,2.04778010046049,-4588.19766998221
-0.187846167015339,-0.331529996340526,1.82936836068996,-4599.92766156431
-1.35717177643402,1.11420724005253,0.600156257474928,-4611.81358322347
-1.28417971415183,2.88866880683369,0.759325950381362,-4624.63844764007
-1.3349194004729,1.80271412136184,-0.688910829581835,-4638.86032863935
-0.516105592108088,-0.444070088809653,-0.197487737445865,-4652.33276189403
-1.2548379989203,0.21238263129923,3.08884417727746,-4664.55243098395
-2.00315983655889,-2.89844166691827,-1.30214389217342,-4674.4743832838
-1.03574345282323,2.27710344706949,-0.792696580544103,-4683.3830678259
-1.43085051635768,3.6276494216062,0.677227458771977,-4693.80922959183
-0.0825522730892325,-3.02207746537511,-2.95573731920222,-4703.98867123062
0.0952493384903309,-0.0361737174155261,0.274154096873445,-4714.8611464278
0.704636822838073,-1.76037619672299,1.64510777573996,-4726.07112168077
1.08711006028321,-2.39495419874659,1.91136222153539,-4737.13432997722
2.4856220941561,2.13751791559043,2.63892343633419,-4748.11686980299
3.37703555225392,2.33347371696435,-1.01188748427712,-4758.2870666752
3.35574255199129,4.05991699174,0.351897636866799,-4768.94653427533
4.54336535552421,1.00034548175595,0.41211032603173,-4780.3480995245
3.32911050263134,-3.64549955748605,-2.12793308679865,-4791.72719229952
1.73904290432098,0.978322121855629,0.563893089059952,-4802.25635152077
2.30481090699509,-1.38777879414742,-0.181993911052689,-4813.01330988655
2.30918812879241,-0.398129023668006,0.66269209507359,-4824.45189003268
-0.220403738548546,0.483908152925884,0.135235509466448,-4837.03946247305
-0.379722739622818,0.140705006723507,-1.31135051485466,-4850.63543577826
-0.154904603693807,1.58829213192116,0.328824422064679,-4864.76815630691
-0.917935115498623,-1.31075739230744,0.701491010557426,-4880.22466810704
-1.66652309838785,-1.35493019418559,-0.201053569884688,-4895.28631083376
-4.3826702362888,0.367637028671532,-1.0296017285329,-4912.38478855907
-3.96094374515418,1.75541653395572,-0.85244991775603,-4930.04086726048
-3.93216058970841,-0.784461825269733,-1.69970916809501,-4949.33404576232
-0.987269412530442,-1.33789661012895,-1.15045463819693,-4967.77693445858
-1.40980479275694,-2.02026648623185,-1.94957252978581,-4986.63410854233
-0.578819389717882,-1.50166119154152,-0.710288217130315,-5004.42622379651
0.00821160900809464,-0.567105993316754,-1.46888414362419,-5022.43766653856
0.699935509536727,-2.33160596286422,-2.75371169161953,-5040.66565135663
0.287175493648539,1.38244997144646,-0.673068896642204,-5059.95836583816
1.25191061129924,-4.11307526165667,-1.34850602582942,-5082.55520364671
0.17652003308093,-0.308349005619484,0.64280626407271,-5104.21107469948
-0.176258957426494,-2.88978862113268,-0.535054342546084,-5127.23100172879
1.07630990043448,2.43230172728306,1.43672756940376,-5147.94917071662
0.848940410603613,-1.02234227397393,-1.13198189646059,-5167.93407030017
1.14700404636925,2.25707751433646,-0.316946783894824,-5188.2563186835
1.19376244988214,-0.839286536554569,-4.15009458248368,-5207.90150034656
2.79949699433983,-0.42547946902849,-0.764533189215266,-5226.53491995943
4.28848367765661,-2.04132155991329,-0.192289138235198,-5245.16753274266
5.14285352679361,-6.16472723525423,-1.05071677908811,-5263.61797105096
3.2270325763695,3.29228672611013,3.81224697391775,-5280.17939148611
4.88659689672504,-2.82242801247004,-1.80594017817131,-5297.75927813655
3.77028196421431,5.1302752616998,1.97694602029829,-5315.51455599993
3.32857407944737,0.651187427704566,1.78085720194904,-5332.53601922776
2.51961216597101,-1.13107563743727,-0.0588391014624919,-5350.83681101817
2.18691934650749,1.39779735289745,0.267182826173382,-5371.15645689359
2.0376771464033,1.76143019469946,2.61450039438601,-5390.57126159794
0.8181570239002,-0.455509941898973,-0.117353761042656,-5410.64277600561
2.40664750598886,0.272601497777617,-1.44666756714918,-5431.86487343144
-0.220495752188839,3.68681646588052,2.32635215695703,-5453.37588570485
-0.771694589319965,-2.81078343590492,-1.75265749863923,-5475.54958009657
-0.865322972333529,-0.0981661408426448,-3.11433522606191,-5498.43634396593
1.41891173292382,1.58830901329084,0.761168299744687,-5522.91643565912
1.28833092281053,-2.82804703094621,-0.296079827519623,-5548.6578436593
-0.261162853120194,-3.57985472611883,-3.15949446270963,-5573.87455311694
-0.412098091724102,2.70879466489161,0.231497355560072,-5598.55144667683
2.05082032310615,-1.49553341051395,-0.899234513270034,-5623.75013201511
0.161052775178765,-2.07490495574659,-1.72132954410858,-5646.61446381342
-0.936232766780712,-0.0723442718095053,-1.78141715822888,-5667.54724710034
-1.31826389813363,-1.10870121288201,-2.32013063472752,-5688.74257436636
-1.74767831889125,-1.11773350325084,0.0140331617343617,-5709.99288800514
-1.51541227940543,-2.83974676616684,0.365250177908551,-5734.48202889882
-0.39925047393304,-1.81591970815433,-1.04335355461211,-5758.66235988989
-1.21621751956616,1.6952661890344,2.39869528000227,-5782.35124547687
-0.513448294941139,0.998926199275504,3.89050151648047,-5806.45312044999
-0.656563281450145,-1.27565103512971,-0.483834150555497,-5830.81463134457
-0.131311903592774,4.83101029563933,0.705721438692184,-5855.15486561117
-1.03086080317523,2.96181624993068,-2.13016579942767,-5878.48634867534
-1.56379495471448,-1.47796351733687,-2.12977913230046,-5902.58775078903
-1.73676492950278,-0.195530265707537,1.90382665461506,-5925.73678451645
-1.0914050984484,-6.47277146470815,-2.50711611737586,-5947.96263221493
-1.68984584240282,1.9141273161599,-0.0340631541248241,-5970.673559627
-0.48494268993496,1.11866834935585,0.42222475184259,-5993.72472003059
-0.379975797018468,-0.995401425708709,0.776981048799311,-6015.01349642453
-1.22070504317577,-0.38796061912344,-0.308965195948475,-6036.12230490301
-1.80530318974884,0.172669869293093,0.147350929831995,-6058.51757598849
-2.34180426412085,2.03501507633556,2.5148299572272,-6082.62257557914
-1.53581170574766,-1.93983604572037,-0.991058066723693,-6107.18636470771
0.528045189298737,2.13270480300223,-0.254108550197508,-6131.68052443497
0.760260544807698,1.51101830947366,2.28113250847529,-6155.94426077708
2.0501120283551,-1.40650458842161,0.881214911912144,-6180.43033569706
NA,NA,NA,-6206.92786121372
NA,NA,NA,-6234.28476298437
NA,NA,NA,-6260.96897439997
NA,NA,NA,-6289.88937391526
NA,NA,NA,-6318.62632089835
NA,NA,NA,-6348.88581371008
